"fips","trump_over_perc50"
1001,"0"
1003,"0"
1005,"1"
1007,"1"
1009,"0"
1011,"1"
1013,"1"
1015,"0"
1017,"0"
1019,"1"
1021,"1"
1023,"1"
1025,"1"
1027,"0"
1029,"1"
1031,"0"
1033,"0"
1035,"1"
1037,"1"
1039,"0"
1041,"1"
1043,"1"
1045,"0"
1047,"1"
1049,"0"
1051,"0"
1053,"1"
1055,"0"
1057,"1"
1059,"1"
1061,"1"
1063,"1"
1065,"1"
1067,"0"
1069,"0"
1071,"1"
1073,"0"
1075,"1"
1077,"0"
1079,"1"
1081,"0"
1083,"0"
1085,"1"
1087,"0"
1089,"0"
1091,"1"
1093,"1"
1095,"1"
1097,"0"
1099,"1"
1101,"0"
1103,"0"
1105,"1"
1107,"0"
1109,"0"
1111,"1"
1113,"0"
1115,"0"
1117,"0"
1119,"1"
1121,"1"
1123,"1"
1125,"0"
1127,"1"
1129,"1"
1131,"1"
1133,"1"
4001,"1"
4003,"1"
4005,"0"
4007,"1"
4009,"0"
4011,"1"
4012,"1"
4013,"1"
4015,"1"
4017,"0"
4019,"1"
4021,"1"
4023,"1"
4025,"1"
4027,"1"
5001,"0"
5003,"0"
5005,"0"
5007,"0"
5009,"0"
5011,"0"
5013,"0"
5015,"0"
5017,"1"
5019,"0"
5021,"0"
5023,"0"
5025,"0"
5027,"0"
5029,"0"
5031,"0"
5033,"0"
5035,"0"
5037,"0"
5039,"0"
5041,"1"
5043,"0"
5045,"0"
5047,"0"
5049,"0"
5051,"0"
5053,"0"
5055,"0"
5057,"0"
5059,"0"
5061,"0"
5063,"0"
5065,"0"
5067,"0"
5069,"0"
5071,"0"
5073,"0"
5075,"0"
5077,"1"
5079,"0"
5081,"0"
5083,"0"
5085,"0"
5087,"0"
5089,"0"
5091,"0"
5093,"0"
5095,"0"
5097,"0"
5099,"0"
5101,"0"
5103,"0"
5105,"0"
5107,"1"
5109,"0"
5111,"0"
5113,"0"
5115,"0"
5117,"0"
5119,"0"
5121,"0"
5123,"0"
5125,"0"
5127,"0"
5129,"0"
5131,"0"
5133,"0"
5135,"0"
5137,"0"
5139,"0"
5141,"0"
5143,"0"
5145,"0"
5147,"0"
5149,"0"
6001,"1"
6003,"1"
6005,"1"
6007,"1"
6009,"1"
6011,"1"
6013,"1"
6015,"1"
6017,"1"
6019,"1"
6021,"1"
6023,"1"
6025,"1"
6027,"1"
6029,"1"
6031,"1"
6033,"1"
6035,"1"
6037,"1"
6039,"1"
6041,"1"
6043,"1"
6045,"1"
6047,"1"
6049,"1"
6051,"1"
6053,"1"
6055,"1"
6057,"1"
6059,"1"
6061,"1"
6063,"1"
6065,"1"
6067,"1"
6069,"1"
6071,"1"
6073,"1"
6075,"1"
6077,"1"
6079,"1"
6081,"1"
6083,"1"
6085,"1"
6087,"1"
6089,"1"
6091,"1"
6093,"1"
6095,"1"
6097,"1"
6099,"1"
6101,"1"
6103,"1"
6105,"1"
6107,"1"
6109,"1"
6111,"1"
6113,"1"
6115,"1"
10001,"1"
10003,"1"
10005,"1"
12001,"0"
12003,"1"
12005,"1"
12007,"1"
12009,"0"
12011,"1"
12013,"0"
12015,"1"
12017,"1"
12019,"1"
12021,"0"
12023,"0"
12027,"1"
12029,"1"
12031,"0"
12033,"0"
12035,"1"
12037,"1"
12039,"0"
12041,"1"
12043,"1"
12045,"1"
12047,"1"
12049,"1"
12051,"1"
12053,"1"
12055,"1"
12057,"0"
12059,"0"
12061,"0"
12063,"1"
12065,"0"
12067,"1"
12069,"1"
12071,"0"
12073,"0"
12075,"1"
12077,"0"
12079,"1"
12081,"0"
12083,"1"
12085,"1"
12086,"0"
12087,"1"
12089,"1"
12091,"0"
12093,"1"
12095,"0"
12097,"0"
12099,"1"
12101,"1"
12103,"0"
12105,"0"
12107,"1"
12109,"0"
12111,"1"
12113,"0"
12115,"0"
12117,"0"
12119,"1"
12121,"1"
12123,"1"
12125,"1"
12127,"1"
12129,"0"
12131,"1"
12133,"0"
13001,"0"
13003,"1"
13005,"1"
13007,"1"
13009,"0"
13011,"0"
13013,"0"
13015,"0"
13017,"1"
13019,"1"
13021,"0"
13023,"0"
13025,"0"
13027,"1"
13029,"0"
13031,"0"
13033,"0"
13035,"0"
13037,"1"
13039,"0"
13043,"1"
13045,"0"
13047,"0"
13049,"0"
13051,"0"
13053,"1"
13055,"1"
13057,"0"
13059,"0"
13061,"1"
13063,"0"
13065,"1"
13067,"0"
13069,"1"
13071,"1"
13073,"0"
13075,"1"
13077,"0"
13079,"1"
13081,"1"
13083,"0"
13085,"0"
13087,"0"
13089,"0"
13091,"1"
13093,"1"
13095,"0"
13097,"0"
13099,"1"
13101,"1"
13103,"0"
13105,"0"
13107,"1"
13109,"0"
13111,"1"
13113,"0"
13115,"0"
13117,"0"
13119,"0"
13121,"0"
13123,"1"
13125,"1"
13127,"0"
13129,"1"
13131,"0"
13133,"0"
13135,"0"
13137,"0"
13139,"0"
13141,"1"
13143,"1"
13145,"0"
13147,"0"
13149,"1"
13151,"0"
13153,"0"
13155,"1"
13157,"0"
13159,"0"
13161,"0"
13163,"0"
13165,"1"
13167,"1"
13169,"0"
13171,"0"
13173,"1"
13175,"0"
13177,"1"
13179,"0"
13181,"0"
13183,"1"
13185,"0"
13187,"0"
13189,"0"
13191,"1"
13193,"1"
13195,"0"
13197,"1"
13199,"0"
13201,"1"
13205,"1"
13207,"0"
13209,"0"
13211,"0"
13213,"1"
13215,"0"
13217,"0"
13219,"0"
13221,"0"
13223,"0"
13225,"0"
13227,"0"
13229,"0"
13231,"0"
13233,"1"
13235,"1"
13237,"0"
13239,"1"
13241,"0"
13243,"1"
13245,"0"
13247,"0"
13249,"0"
13251,"0"
13253,"1"
13255,"0"
13257,"0"
13259,"1"
13261,"0"
13263,"1"
13265,"1"
13267,"0"
13269,"1"
13271,"1"
13273,"1"
13275,"0"
13277,"0"
13279,"0"
13281,"0"
13283,"1"
13285,"0"
13287,"1"
13289,"1"
13291,"0"
13293,"0"
13295,"0"
13297,"0"
13299,"0"
13301,"0"
13303,"0"
13305,"0"
13307,"1"
13309,"1"
13311,"0"
13313,"0"
13315,"1"
13317,"0"
13319,"0"
13321,"1"
15001,"0"
15003,"0"
15007,"0"
15009,"0"
16001,"0"
16003,"0"
16005,"0"
16007,"0"
16009,"0"
16011,"0"
16013,"0"
16015,"0"
16017,"0"
16019,"0"
16021,"0"
16023,"0"
16025,"0"
16027,"0"
16029,"0"
16031,"0"
16033,"0"
16035,"0"
16037,"0"
16039,"0"
16041,"0"
16043,"0"
16045,"0"
16047,"0"
16049,"0"
16051,"0"
16053,"0"
16055,"0"
16057,"0"
16059,"0"
16061,"0"
16063,"0"
16065,"0"
16067,"0"
16069,"0"
16071,"0"
16073,"0"
16075,"0"
16077,"0"
16079,"0"
16081,"0"
16083,"0"
16085,"0"
16087,"0"
17001,"0"
17003,"1"
17005,"0"
17007,"0"
17009,"1"
17011,"0"
17013,"0"
17015,"0"
17017,"0"
17019,"0"
17021,"0"
17023,"0"
17025,"0"
17027,"0"
17029,"0"
17031,"0"
17033,"0"
17035,"0"
17037,"0"
17039,"0"
17041,"0"
17043,"0"
17045,"0"
17047,"0"
17049,"0"
17051,"0"
17053,"0"
17055,"1"
17057,"0"
17059,"1"
17061,"0"
17063,"0"
17065,"0"
17067,"0"
17069,"1"
17071,"0"
17073,"0"
17075,"0"
17077,"0"
17079,"0"
17081,"0"
17083,"0"
17085,"0"
17087,"0"
17089,"0"
17091,"0"
17093,"0"
17095,"0"
17097,"0"
17099,"0"
17101,"1"
17103,"0"
17105,"0"
17107,"0"
17109,"0"
17111,"0"
17113,"0"
17115,"0"
17117,"0"
17119,"0"
17121,"0"
17123,"0"
17125,"0"
17127,"0"
17129,"0"
17131,"0"
17133,"0"
17135,"0"
17137,"0"
17139,"0"
17141,"0"
17143,"0"
17145,"0"
17147,"0"
17149,"0"
17151,"1"
17153,"1"
17155,"1"
17157,"0"
17159,"1"
17161,"0"
17163,"0"
17165,"1"
17167,"0"
17169,"0"
17171,"0"
17173,"0"
17175,"0"
17177,"0"
17179,"0"
17181,"0"
17183,"0"
17185,"0"
17187,"0"
17189,"0"
17191,"1"
17193,"1"
17195,"0"
17197,"0"
17199,"0"
17201,"0"
17203,"0"
18001,"0"
18003,"0"
18005,"1"
18007,"1"
18009,"1"
18011,"0"
18013,"1"
18015,"1"
18017,"1"
18019,"1"
18021,"1"
18023,"1"
18025,"1"
18027,"1"
18029,"1"
18031,"1"
18033,"0"
18035,"1"
18037,"1"
18039,"0"
18041,"1"
18043,"1"
18045,"1"
18047,"1"
18049,"1"
18051,"1"
18053,"0"
18055,"1"
18057,"0"
18059,"1"
18061,"1"
18063,"1"
18065,"1"
18067,"1"
18069,"0"
18071,"1"
18073,"1"
18075,"1"
18077,"1"
18079,"1"
18081,"1"
18083,"1"
18085,"0"
18087,"0"
18089,"1"
18091,"1"
18093,"1"
18095,"1"
18097,"1"
18099,"1"
18101,"1"
18103,"1"
18105,"1"
18107,"1"
18109,"1"
18111,"1"
18113,"1"
18115,"1"
18117,"1"
18119,"1"
18121,"1"
18123,"1"
18125,"1"
18127,"1"
18129,"1"
18131,"1"
18133,"1"
18135,"1"
18137,"1"
18139,"1"
18141,"1"
18143,"1"
18145,"1"
18147,"1"
18149,"1"
18151,"1"
18153,"1"
18155,"1"
18157,"0"
18159,"1"
18161,"1"
18163,"1"
18165,"1"
18167,"1"
18169,"1"
18171,"1"
18173,"1"
18175,"1"
18177,"1"
18179,"0"
18181,"1"
18183,"0"
19001,"0"
19003,"0"
19005,"0"
19007,"0"
19009,"0"
19011,"0"
19013,"0"
19015,"0"
19017,"0"
19019,"0"
19021,"0"
19023,"0"
19025,"0"
19027,"0"
19029,"0"
19031,"0"
19033,"0"
19035,"0"
19037,"0"
19039,"0"
19041,"0"
19043,"0"
19045,"0"
19047,"0"
19049,"0"
19051,"0"
19053,"0"
19055,"0"
19057,"0"
19059,"0"
19061,"0"
19063,"0"
19065,"0"
19067,"0"
19069,"0"
19071,"0"
19073,"0"
19075,"0"
19077,"0"
19079,"0"
19081,"0"
19083,"0"
19085,"0"
19087,"0"
19089,"0"
19091,"0"
19093,"0"
19095,"0"
19097,"0"
19099,"0"
19101,"0"
19103,"0"
19105,"0"
19107,"0"
19109,"0"
19111,"0"
19113,"0"
19115,"0"
19117,"0"
19119,"0"
19121,"0"
19123,"0"
19125,"0"
19127,"0"
19129,"0"
19131,"0"
19133,"0"
19135,"0"
19137,"0"
19139,"0"
19141,"0"
19143,"0"
19145,"0"
19147,"0"
19149,"0"
19151,"0"
19153,"0"
19155,"0"
19157,"0"
19159,"0"
19161,"0"
19163,"0"
19165,"0"
19167,"0"
19169,"0"
19171,"0"
19173,"0"
19175,"0"
19177,"0"
19179,"0"
19181,"0"
19183,"0"
19185,"0"
19187,"0"
19189,"0"
19191,"0"
19193,"0"
19195,"0"
19197,"0"
21001,"1"
21003,"0"
21005,"0"
21007,"0"
21009,"0"
21011,"0"
21013,"1"
21015,"0"
21017,"0"
21019,"0"
21021,"0"
21023,"0"
21025,"0"
21027,"0"
21029,"0"
21031,"0"
21033,"0"
21035,"0"
21037,"0"
21039,"0"
21041,"0"
21043,"0"
21045,"1"
21047,"0"
21049,"0"
21051,"1"
21053,"1"
21055,"0"
21057,"0"
21059,"0"
21061,"1"
21063,"0"
21065,"1"
21067,"0"
21069,"0"
21071,"0"
21073,"0"
21075,"0"
21077,"0"
21079,"0"
21081,"0"
21083,"0"
21085,"0"
21087,"0"
21089,"0"
21091,"0"
21093,"0"
21095,"0"
21097,"0"
21099,"0"
21101,"0"
21103,"0"
21105,"0"
21107,"0"
21109,"1"
21111,"0"
21113,"0"
21115,"1"
21117,"0"
21119,"0"
21121,"1"
21123,"0"
21125,"0"
21127,"1"
21129,"1"
21131,"0"
21133,"1"
21135,"0"
21137,"0"
21139,"0"
21141,"0"
21143,"0"
21145,"0"
21147,"1"
21149,"0"
21151,"0"
21153,"1"
21155,"0"
21157,"0"
21159,"1"
21161,"0"
21163,"0"
21165,"0"
21167,"0"
21169,"0"
21171,"1"
21173,"0"
21175,"0"
21177,"0"
21179,"0"
21181,"0"
21183,"0"
21185,"0"
21187,"0"
21189,"1"
21191,"0"
21193,"0"
21195,"1"
21197,"1"
21199,"0"
21201,"1"
21203,"0"
21205,"0"
21207,"0"
21209,"0"
21211,"0"
21213,"0"
21215,"0"
21217,"0"
21219,"0"
21221,"0"
21223,"0"
21225,"0"
21227,"0"
21229,"0"
21231,"0"
21233,"0"
21235,"0"
21237,"0"
21239,"0"
22001,"0"
22003,"0"
22005,"0"
22007,"1"
22009,"1"
22011,"0"
22013,"0"
22015,"0"
22017,"0"
22019,"0"
22021,"0"
22023,"0"
22025,"0"
22027,"0"
22029,"1"
22031,"0"
22033,"0"
22035,"1"
22037,"0"
22039,"0"
22041,"0"
22043,"0"
22045,"0"
22047,"1"
22049,"0"
22051,"0"
22053,"0"
22055,"0"
22057,"0"
22059,"0"
22061,"0"
22063,"0"
22065,"1"
22067,"1"
22069,"0"
22071,"0"
22073,"0"
22075,"1"
22077,"0"
22079,"0"
22081,"0"
22083,"0"
22085,"0"
22087,"1"
22089,"0"
22091,"1"
22093,"0"
22095,"0"
22097,"0"
22099,"1"
22101,"1"
22103,"0"
22105,"0"
22107,"0"
22109,"1"
22111,"0"
22113,"0"
22115,"0"
22117,"1"
22119,"0"
22121,"0"
22123,"0"
22125,"0"
22127,"0"
24001,"1"
24003,"1"
24005,"1"
24009,"1"
24011,"1"
24013,"1"
24015,"1"
24017,"1"
24019,"1"
24021,"1"
24023,"1"
24025,"1"
24027,"0"
24029,"1"
24031,"0"
24033,"0"
24035,"1"
24037,"1"
24039,"1"
24041,"1"
24043,"1"
24045,"1"
24047,"1"
24510,"0"
26001,"1"
26003,"0"
26005,"0"
26007,"0"
26009,"0"
26011,"1"
26013,"0"
26015,"0"
26017,"0"
26019,"0"
26021,"0"
26023,"0"
26025,"0"
26027,"0"
26029,"0"
26031,"0"
26033,"0"
26035,"0"
26037,"0"
26039,"1"
26041,"0"
26043,"0"
26045,"0"
26047,"0"
26049,"0"
26051,"0"
26053,"0"
26055,"0"
26057,"0"
26059,"0"
26061,"0"
26063,"0"
26065,"0"
26067,"0"
26069,"1"
26071,"0"
26073,"0"
26075,"0"
26077,"0"
26079,"1"
26081,"0"
26083,"0"
26085,"1"
26087,"0"
26089,"0"
26091,"0"
26093,"0"
26095,"0"
26097,"0"
26099,"1"
26101,"0"
26103,"0"
26105,"0"
26107,"0"
26109,"0"
26111,"0"
26113,"0"
26115,"0"
26117,"0"
26119,"1"
26121,"0"
26123,"0"
26125,"0"
26127,"0"
26129,"1"
26131,"1"
26133,"0"
26135,"0"
26137,"0"
26139,"0"
26141,"0"
26143,"1"
26145,"0"
26147,"1"
26149,"0"
26151,"0"
26153,"0"
26155,"0"
26157,"0"
26159,"0"
26161,"0"
26163,"0"
26165,"0"
28001,"0"
28003,"1"
28005,"1"
28007,"1"
28009,"1"
28011,"1"
28013,"1"
28015,"1"
28017,"1"
28019,"0"
28021,"1"
28023,"1"
28025,"0"
28027,"1"
28029,"1"
28031,"1"
28033,"0"
28035,"0"
28037,"0"
28039,"0"
28041,"1"
28043,"1"
28045,"1"
28047,"1"
28049,"0"
28051,"1"
28053,"1"
28055,"1"
28057,"0"
28059,"1"
28061,"1"
28063,"0"
28065,"1"
28067,"1"
28069,"1"
28071,"0"
28073,"0"
28075,"0"
28077,"1"
28079,"1"
28081,"0"
28083,"0"
28085,"0"
28087,"0"
28089,"0"
28091,"1"
28093,"0"
28095,"1"
28097,"1"
28099,"1"
28101,"0"
28103,"0"
28105,"0"
28107,"1"
28109,"1"
28111,"1"
28113,"1"
28115,"0"
28117,"0"
28119,"1"
28121,"0"
28123,"1"
28125,"1"
28127,"1"
28129,"1"
28131,"0"
28133,"1"
28135,"1"
28137,"0"
28139,"1"
28141,"1"
28143,"1"
28145,"0"
28147,"1"
28149,"1"
28151,"1"
28153,"1"
28155,"1"
28157,"1"
28159,"0"
28161,"1"
28163,"1"
29001,"0"
29003,"0"
29005,"0"
29007,"0"
29009,"0"
29011,"0"
29013,"0"
29015,"1"
29017,"0"
29019,"0"
29021,"0"
29023,"1"
29025,"0"
29027,"0"
29029,"1"
29031,"0"
29033,"1"
29035,"1"
29037,"0"
29039,"0"
29041,"0"
29043,"0"
29045,"0"
29047,"0"
29049,"0"
29051,"0"
29053,"0"
29055,"1"
29057,"0"
29059,"0"
29061,"1"
29063,"0"
29065,"1"
29067,"1"
29069,"1"
29071,"0"
29073,"0"
29075,"0"
29077,"0"
29079,"1"
29081,"0"
29083,"0"
29085,"1"
29087,"0"
29089,"0"
29091,"1"
29093,"1"
29095,"0"
29097,"0"
29099,"1"
29101,"0"
29103,"0"
29105,"0"
29107,"0"
29109,"0"
29111,"1"
29113,"0"
29115,"0"
29117,"0"
29119,"0"
29121,"0"
29123,"0"
29125,"1"
29127,"0"
29129,"1"
29131,"1"
29133,"1"
29135,"0"
29137,"0"
29139,"1"
29141,"1"
29143,"1"
29145,"0"
29147,"0"
29149,"1"
29151,"0"
29153,"1"
29155,"1"
29157,"0"
29159,"0"
29161,"0"
29163,"0"
29165,"0"
29167,"0"
29169,"1"
29171,"1"
29173,"0"
29175,"0"
29177,"0"
29179,"1"
29181,"0"
29183,"0"
29185,"1"
29186,"0"
29187,"0"
29189,"0"
29195,"0"
29197,"1"
29199,"0"
29201,"1"
29203,"1"
29205,"0"
29207,"1"
29209,"0"
29211,"1"
29213,"0"
29215,"1"
29217,"1"
29219,"0"
29221,"1"
29223,"1"
29225,"0"
29227,"0"
29229,"0"
29510,"0"
30001,"1"
30003,"1"
30005,"1"
30007,"1"
30009,"1"
30011,"1"
30013,"1"
30015,"1"
30017,"1"
30019,"1"
30021,"1"
30023,"1"
30025,"1"
30027,"1"
30029,"1"
30031,"1"
30033,"1"
30035,"1"
30037,"1"
30039,"1"
30041,"1"
30043,"1"
30045,"1"
30047,"1"
30049,"1"
30051,"1"
30053,"1"
30055,"1"
30057,"1"
30059,"1"
30061,"1"
30063,"1"
30065,"1"
30067,"1"
30069,"1"
30071,"1"
30073,"1"
30075,"1"
30077,"1"
30079,"1"
30081,"1"
30083,"1"
30085,"1"
30087,"1"
30089,"1"
30091,"1"
30093,"1"
30095,"1"
30097,"1"
30099,"1"
30101,"1"
30103,"1"
30105,"1"
30107,"1"
30109,"1"
30111,"1"
31001,"1"
31003,"1"
31005,"1"
31007,"1"
31009,"1"
31011,"1"
31013,"1"
31015,"1"
31017,"1"
31019,"1"
31021,"1"
31023,"1"
31025,"1"
31027,"1"
31029,"1"
31031,"1"
31033,"1"
31035,"1"
31037,"1"
31039,"1"
31041,"1"
31043,"1"
31045,"1"
31047,"1"
31049,"1"
31051,"1"
31053,"1"
31055,"1"
31057,"1"
31059,"1"
31061,"1"
31063,"1"
31065,"1"
31067,"1"
31069,"1"
31071,"1"
31073,"1"
31075,"1"
31077,"1"
31079,"1"
31081,"1"
31083,"1"
31085,"1"
31087,"1"
31089,"1"
31091,"1"
31093,"1"
31095,"1"
31097,"1"
31099,"1"
31101,"1"
31103,"1"
31105,"1"
31107,"1"
31109,"1"
31111,"1"
31113,"1"
31115,"1"
31117,"1"
31119,"1"
31121,"1"
31123,"1"
31125,"1"
31127,"1"
31129,"1"
31131,"1"
31133,"1"
31135,"1"
31137,"1"
31139,"1"
31141,"1"
31143,"1"
31145,"1"
31147,"1"
31149,"1"
31151,"1"
31153,"1"
31155,"1"
31157,"1"
31159,"1"
31161,"1"
31163,"1"
31165,"1"
31167,"1"
31169,"1"
31171,"1"
31173,"1"
31175,"1"
31177,"1"
31179,"1"
31181,"1"
31183,"1"
31185,"1"
32001,"0"
32003,"0"
32005,"0"
32007,"0"
32009,"1"
32011,"0"
32013,"0"
32015,"0"
32017,"0"
32019,"0"
32021,"1"
32023,"1"
32027,"0"
32029,"0"
32031,"0"
32033,"0"
32510,"0"
33001,"0"
33003,"0"
33005,"0"
33007,"0"
33009,"0"
33011,"0"
33013,"0"
33015,"0"
33017,"0"
33019,"0"
34001,"1"
34003,"1"
34005,"1"
34007,"1"
34009,"1"
34011,"1"
34013,"1"
34015,"1"
34017,"1"
34019,"1"
34021,"1"
34023,"1"
34025,"1"
34027,"1"
34029,"1"
34031,"1"
34033,"1"
34035,"1"
34037,"1"
34039,"1"
34041,"1"
35001,"1"
35003,"1"
35005,"1"
35006,"1"
35007,"1"
35009,"1"
35011,"1"
35013,"1"
35015,"1"
35017,"1"
35019,"1"
35021,"1"
35023,"1"
35025,"1"
35027,"1"
35028,"1"
35029,"1"
35031,"1"
35033,"1"
35035,"1"
35037,"1"
35039,"1"
35041,"1"
35043,"1"
35045,"1"
35047,"1"
35049,"1"
35051,"1"
35053,"1"
35055,"1"
35057,"1"
35059,"1"
35061,"1"
36001,"0"
36003,"1"
36005,"1"
36007,"0"
36009,"1"
36011,"0"
36013,"1"
36015,"1"
36017,"1"
36019,"1"
36021,"1"
36023,"0"
36025,"1"
36027,"1"
36029,"1"
36031,"0"
36033,"1"
36035,"1"
36037,"1"
36039,"1"
36041,"1"
36043,"1"
36045,"1"
36047,"1"
36049,"1"
36051,"1"
36053,"0"
36055,"1"
36057,"1"
36059,"1"
36061,"0"
36063,"1"
36065,"1"
36067,"0"
36069,"1"
36071,"1"
36073,"1"
36075,"1"
36077,"1"
36079,"1"
36081,"1"
36083,"1"
36085,"1"
36087,"1"
36089,"1"
36091,"0"
36093,"0"
36095,"1"
36097,"1"
36099,"1"
36101,"1"
36103,"1"
36105,"1"
36107,"0"
36109,"0"
36111,"1"
36113,"0"
36115,"0"
36117,"1"
36119,"1"
36121,"1"
36123,"1"
37001,"0"
37003,"0"
37005,"1"
37007,"1"
37009,"0"
37011,"0"
37013,"0"
37015,"0"
37017,"1"
37019,"1"
37021,"0"
37023,"0"
37025,"0"
37027,"0"
37029,"1"
37031,"1"
37033,"1"
37035,"0"
37037,"0"
37039,"1"
37041,"0"
37043,"0"
37045,"0"
37047,"1"
37049,"0"
37051,"0"
37053,"1"
37055,"1"
37057,"0"
37059,"0"
37061,"0"
37063,"0"
37065,"0"
37067,"0"
37069,"0"
37071,"0"
37073,"1"
37075,"1"
37077,"0"
37079,"0"
37081,"0"
37083,"1"
37085,"0"
37087,"0"
37089,"0"
37091,"1"
37093,"1"
37095,"1"
37097,"0"
37099,"0"
37101,"0"
37103,"1"
37105,"0"
37107,"0"
37109,"0"
37111,"0"
37113,"0"
37115,"0"
37117,"0"
37119,"0"
37121,"0"
37123,"1"
37125,"0"
37127,"0"
37129,"0"
37131,"1"
37133,"1"
37135,"0"
37137,"1"
37139,"0"
37141,"1"
37143,"0"
37145,"0"
37147,"0"
37149,"0"
37151,"0"
37153,"1"
37155,"1"
37157,"0"
37159,"0"
37161,"1"
37163,"0"
37165,"1"
37167,"1"
37169,"0"
37171,"0"
37173,"0"
37175,"0"
37177,"0"
37179,"0"
37181,"1"
37183,"0"
37185,"1"
37187,"0"
37189,"0"
37191,"0"
37193,"0"
37195,"0"
37197,"0"
37199,"0"
39001,"0"
39003,"0"
39005,"0"
39007,"0"
39009,"0"
39011,"0"
39013,"1"
39015,"1"
39017,"0"
39019,"0"
39021,"0"
39023,"0"
39025,"0"
39027,"0"
39029,"0"
39031,"0"
39033,"0"
39035,"0"
39037,"0"
39039,"0"
39041,"0"
39043,"0"
39045,"0"
39047,"0"
39049,"0"
39051,"0"
39053,"0"
39055,"0"
39057,"0"
39059,"0"
39061,"0"
39063,"0"
39065,"0"
39067,"1"
39069,"0"
39071,"0"
39073,"0"
39075,"0"
39077,"0"
39079,"1"
39081,"1"
39083,"0"
39085,"0"
39087,"0"
39089,"0"
39091,"0"
39093,"0"
39095,"0"
39097,"0"
39099,"1"
39101,"0"
39103,"0"
39105,"0"
39107,"0"
39109,"0"
39111,"1"
39113,"0"
39115,"0"
39117,"0"
39119,"0"
39121,"0"
39123,"0"
39125,"0"
39127,"0"
39129,"0"
39131,"0"
39133,"0"
39135,"0"
39137,"0"
39139,"0"
39141,"0"
39143,"0"
39145,"1"
39147,"0"
39149,"0"
39151,"0"
39153,"0"
39155,"1"
39157,"0"
39159,"0"
39161,"0"
39163,"0"
39165,"0"
39167,"0"
39169,"0"
39171,"0"
39173,"0"
39175,"0"
40001,"0"
40003,"0"
40005,"0"
40007,"0"
40009,"0"
40011,"0"
40013,"0"
40015,"0"
40017,"0"
40019,"0"
40021,"0"
40023,"0"
40025,"0"
40027,"0"
40029,"0"
40031,"0"
40033,"0"
40035,"0"
40037,"0"
40039,"0"
40041,"0"
40043,"0"
40045,"0"
40047,"0"
40049,"0"
40051,"0"
40053,"0"
40055,"0"
40057,"0"
40059,"0"
40061,"0"
40063,"0"
40065,"0"
40067,"0"
40069,"0"
40071,"0"
40073,"0"
40075,"0"
40077,"0"
40079,"0"
40081,"0"
40083,"0"
40085,"0"
40087,"0"
40089,"0"
40091,"0"
40093,"0"
40095,"0"
40097,"0"
40099,"0"
40101,"0"
40103,"0"
40105,"0"
40107,"0"
40109,"0"
40111,"0"
40113,"0"
40115,"0"
40117,"0"
40119,"0"
40121,"0"
40123,"0"
40125,"0"
40127,"0"
40129,"0"
40131,"0"
40133,"0"
40135,"0"
40137,"0"
40139,"0"
40141,"0"
40143,"0"
40145,"0"
40147,"0"
40149,"0"
40151,"0"
40153,"0"
41001,"1"
41003,"1"
41005,"1"
41007,"1"
41009,"1"
41011,"1"
41013,"1"
41015,"1"
41017,"1"
41019,"1"
41021,"1"
41023,"1"
41025,"1"
41027,"1"
41029,"1"
41031,"1"
41033,"1"
41035,"1"
41037,"1"
41039,"1"
41041,"1"
41043,"1"
41045,"1"
41047,"1"
41049,"1"
41051,"1"
41053,"1"
41055,"1"
41057,"1"
41059,"1"
41061,"1"
41063,"1"
41065,"1"
41067,"1"
41069,"1"
41071,"1"
42001,"1"
42003,"1"
42005,"1"
42007,"1"
42009,"1"
42011,"1"
42013,"1"
42015,"1"
42017,"1"
42019,"1"
42021,"1"
42023,"1"
42025,"1"
42027,"1"
42029,"0"
42031,"1"
42033,"1"
42035,"1"
42037,"1"
42039,"1"
42041,"1"
42043,"1"
42045,"1"
42047,"1"
42049,"1"
42051,"1"
42053,"1"
42055,"1"
42057,"1"
42059,"1"
42061,"1"
42063,"1"
42065,"1"
42067,"1"
42069,"1"
42071,"0"
42073,"1"
42075,"1"
42077,"1"
42079,"1"
42081,"1"
42083,"1"
42085,"1"
42087,"1"
42089,"1"
42091,"0"
42093,"1"
42095,"1"
42097,"1"
42099,"1"
42101,"1"
42103,"1"
42105,"1"
42107,"1"
42109,"1"
42111,"1"
42113,"1"
42115,"1"
42117,"1"
42119,"1"
42121,"1"
42123,"1"
42125,"1"
42127,"1"
42129,"1"
42131,"1"
42133,"1"
45001,"0"
45003,"0"
45005,"0"
45007,"0"
45009,"0"
45011,"0"
45013,"0"
45015,"0"
45017,"0"
45019,"0"
45021,"0"
45023,"0"
45025,"0"
45027,"0"
45029,"0"
45031,"0"
45033,"0"
45035,"0"
45037,"0"
45039,"0"
45041,"0"
45043,"0"
45045,"0"
45047,"0"
45049,"0"
45051,"0"
45053,"0"
45055,"0"
45057,"0"
45059,"0"
45061,"0"
45063,"0"
45065,"0"
45067,"0"
45069,"0"
45071,"0"
45073,"0"
45075,"0"
45077,"0"
45079,"0"
45081,"0"
45083,"0"
45085,"0"
45087,"0"
45089,"0"
45091,"0"
46003,"1"
46005,"1"
46007,"1"
46009,"1"
46011,"1"
46013,"1"
46015,"1"
46017,"1"
46019,"1"
46021,"1"
46023,"1"
46025,"1"
46027,"1"
46029,"1"
46031,"1"
46033,"1"
46035,"1"
46037,"1"
46039,"1"
46041,"1"
46043,"1"
46045,"1"
46047,"1"
46049,"1"
46051,"1"
46053,"1"
46055,"1"
46057,"1"
46059,"1"
46061,"1"
46063,"1"
46065,"1"
46067,"1"
46069,"1"
46071,"1"
46073,"1"
46075,"1"
46077,"1"
46079,"1"
46081,"1"
46083,"1"
46085,"1"
46087,"1"
46089,"1"
46091,"1"
46093,"1"
46095,"1"
46097,"1"
46099,"1"
46101,"1"
46103,"1"
46105,"1"
46107,"1"
46109,"1"
46111,"1"
46113,"1"
46115,"1"
46117,"1"
46119,"1"
46121,"1"
46123,"1"
46125,"1"
46127,"1"
46129,"1"
46135,"1"
46137,"1"
47001,"0"
47003,"0"
47005,"1"
47007,"1"
47009,"0"
47011,"0"
47013,"1"
47015,"1"
47017,"0"
47019,"0"
47021,"0"
47023,"0"
47025,"1"
47027,"1"
47029,"1"
47031,"0"
47033,"0"
47035,"0"
47037,"0"
47039,"1"
47041,"1"
47043,"0"
47045,"0"
47047,"0"
47049,"0"
47051,"0"
47053,"0"
47055,"1"
47057,"1"
47059,"0"
47061,"1"
47063,"0"
47065,"0"
47067,"1"
47069,"1"
47071,"1"
47073,"0"
47075,"0"
47077,"0"
47079,"1"
47081,"0"
47083,"1"
47085,"1"
47087,"0"
47089,"0"
47091,"0"
47093,"0"
47095,"1"
47097,"0"
47099,"1"
47101,"1"
47103,"0"
47105,"0"
47107,"0"
47109,"0"
47111,"1"
47113,"0"
47115,"1"
47117,"0"
47119,"0"
47121,"1"
47123,"1"
47125,"0"
47127,"0"
47129,"0"
47131,"0"
47133,"0"
47135,"1"
47137,"1"
47139,"1"
47141,"0"
47143,"0"
47145,"0"
47147,"0"
47149,"0"
47151,"0"
47153,"0"
47155,"0"
47157,"0"
47159,"0"
47161,"1"
47163,"0"
47165,"0"
47167,"0"
47169,"0"
47171,"1"
47173,"1"
47175,"1"
47177,"0"
47179,"0"
47181,"1"
47183,"0"
47185,"1"
47187,"0"
47189,"0"
48001,"0"
48003,"0"
48005,"0"
48007,"0"
48009,"0"
48011,"0"
48013,"0"
48015,"0"
48017,"0"
48019,"0"
48021,"0"
48023,"0"
48025,"0"
48027,"0"
48029,"0"
48031,"0"
48033,"0"
48035,"0"
48037,"0"
48039,"0"
48041,"0"
48043,"0"
48045,"0"
48047,"0"
48049,"0"
48051,"0"
48053,"0"
48055,"0"
48057,"0"
48059,"0"
48061,"0"
48063,"0"
48065,"0"
48067,"0"
48069,"0"
48071,"0"
48073,"0"
48075,"0"
48077,"0"
48079,"0"
48081,"0"
48083,"0"
48085,"0"
48087,"0"
48089,"0"
48091,"0"
48093,"0"
48095,"0"
48097,"0"
48099,"0"
48101,"0"
48103,"0"
48105,"0"
48107,"0"
48109,"0"
48111,"0"
48113,"0"
48115,"0"
48117,"0"
48119,"0"
48121,"0"
48123,"0"
48125,"0"
48127,"0"
48129,"0"
48131,"0"
48133,"0"
48135,"0"
48137,"0"
48139,"0"
48141,"0"
48143,"0"
48145,"0"
48147,"0"
48149,"0"
48151,"0"
48153,"0"
48155,"0"
48157,"0"
48159,"0"
48161,"0"
48163,"0"
48165,"0"
48167,"0"
48169,"0"
48171,"0"
48173,"0"
48175,"0"
48177,"0"
48179,"0"
48181,"0"
48183,"0"
48185,"0"
48187,"0"
48189,"0"
48191,"0"
48193,"0"
48195,"0"
48197,"0"
48199,"0"
48201,"0"
48203,"0"
48205,"0"
48207,"0"
48209,"0"
48211,"0"
48213,"0"
48215,"0"
48217,"0"
48219,"0"
48221,"0"
48223,"0"
48225,"0"
48227,"0"
48229,"0"
48231,"0"
48233,"0"
48235,"0"
48237,"0"
48239,"0"
48241,"0"
48243,"0"
48245,"0"
48247,"0"
48249,"0"
48251,"0"
48253,"0"
48255,"0"
48257,"0"
48259,"0"
48261,"0"
48263,"0"
48265,"0"
48267,"0"
48269,"0"
48271,"0"
48273,"0"
48275,"0"
48277,"0"
48279,"0"
48281,"0"
48283,"0"
48285,"0"
48287,"0"
48289,"0"
48291,"0"
48293,"0"
48295,"0"
48297,"0"
48299,"0"
48301,"0"
48303,"0"
48305,"0"
48307,"0"
48309,"0"
48311,"0"
48313,"0"
48315,"0"
48317,"0"
48319,"0"
48321,"0"
48323,"0"
48325,"0"
48327,"0"
48329,"0"
48331,"0"
48333,"0"
48335,"0"
48337,"0"
48339,"0"
48341,"0"
48343,"0"
48345,"0"
48347,"0"
48349,"0"
48351,"0"
48353,"0"
48355,"0"
48357,"0"
48359,"0"
48361,"0"
48363,"0"
48365,"0"
48367,"0"
48369,"0"
48371,"0"
48373,"0"
48375,"0"
48377,"0"
48379,"0"
48381,"0"
48383,"0"
48385,"0"
48387,"0"
48389,"0"
48391,"0"
48393,"0"
48395,"0"
48397,"0"
48399,"0"
48401,"0"
48403,"0"
48405,"0"
48407,"0"
48409,"0"
48411,"0"
48413,"0"
48415,"0"
48417,"0"
48419,"0"
48421,"0"
48423,"0"
48425,"0"
48427,"0"
48429,"0"
48431,"0"
48433,"0"
48435,"0"
48437,"0"
48439,"0"
48441,"0"
48443,"0"
48445,"0"
48447,"0"
48449,"0"
48451,"0"
48453,"0"
48455,"0"
48457,"0"
48459,"0"
48461,"0"
48463,"0"
48465,"0"
48467,"0"
48469,"0"
48471,"0"
48473,"0"
48475,"0"
48477,"0"
48479,"0"
48481,"0"
48483,"0"
48485,"0"
48487,"0"
48489,"0"
48491,"0"
48493,"0"
48495,"0"
48497,"0"
48499,"0"
48501,"0"
48503,"0"
48505,"0"
48507,"0"
49001,"0"
49003,"0"
49005,"0"
49007,"0"
49009,"0"
49011,"0"
49013,"0"
49015,"0"
49017,"0"
49019,"0"
49021,"0"
49023,"0"
49025,"0"
49027,"0"
49029,"0"
49031,"0"
49033,"0"
49035,"0"
49037,"0"
49039,"0"
49041,"0"
49043,"0"
49045,"0"
49047,"0"
49049,"0"
49051,"0"
49053,"0"
49055,"0"
49057,"0"
51001,"0"
51003,"0"
51005,"0"
51007,"0"
51009,"0"
51011,"0"
51013,"0"
51015,"0"
51017,"1"
51019,"0"
51021,"1"
51023,"0"
51025,"0"
51027,"1"
51029,"1"
51031,"0"
51033,"0"
51035,"1"
51036,"0"
51037,"1"
51041,"0"
51043,"0"
51045,"0"
51047,"0"
51049,"0"
51051,"1"
51053,"1"
51057,"0"
51059,"0"
51061,"0"
51063,"0"
51065,"0"
51067,"0"
51069,"0"
51071,"0"
51073,"0"
51075,"0"
51077,"1"
51079,"0"
51081,"1"
51083,"1"
51085,"0"
51087,"0"
51089,"1"
51091,"0"
51093,"0"
51095,"0"
51097,"0"
51099,"0"
51101,"0"
51103,"0"
51105,"1"
51107,"0"
51109,"0"
51111,"0"
51113,"0"
51115,"0"
51117,"1"
51119,"0"
51121,"0"
51125,"0"
51127,"0"
51131,"0"
51133,"0"
51135,"0"
51137,"0"
51139,"1"
51141,"0"
51143,"1"
51145,"0"
51147,"0"
51149,"0"
51153,"0"
51155,"1"
51157,"0"
51159,"0"
51161,"0"
51163,"0"
51165,"0"
51167,"1"
51169,"1"
51171,"0"
51173,"1"
51175,"0"
51177,"0"
51179,"0"
51181,"0"
51183,"0"
51185,"1"
51187,"0"
51191,"0"
51193,"0"
51195,"1"
51197,"1"
51199,"0"
51510,"0"
51520,"0"
51530,"0"
51540,"0"
51550,"0"
51570,"0"
51580,"0"
51590,"0"
51595,"0"
51600,"0"
51610,"0"
51620,"0"
51630,"0"
51640,"1"
51650,"0"
51660,"0"
51670,"1"
51678,"0"
51680,"0"
51683,"0"
51685,"0"
51690,"0"
51700,"0"
51710,"0"
51720,"1"
51730,"0"
51735,"0"
51740,"0"
51750,"0"
51760,"0"
51770,"0"
51775,"0"
51790,"0"
51800,"0"
51810,"0"
51820,"0"
51830,"0"
51840,"0"
53001,"1"
53003,"1"
53005,"1"
53007,"1"
53009,"1"
53011,"1"
53013,"1"
53015,"1"
53017,"1"
53019,"1"
53021,"1"
53023,"1"
53025,"1"
53027,"1"
53029,"1"
53031,"1"
53033,"1"
53035,"1"
53037,"1"
53039,"1"
53041,"1"
53043,"1"
53045,"1"
53047,"1"
53049,"1"
53051,"1"
53053,"1"
53055,"1"
53057,"1"
53059,"1"
53061,"1"
53063,"1"
53065,"1"
53067,"1"
53069,"1"
53071,"1"
53073,"1"
53075,"1"
53077,"1"
54001,"1"
54003,"1"
54005,"1"
54007,"1"
54009,"1"
54011,"1"
54013,"1"
54015,"1"
54017,"1"
54019,"1"
54021,"1"
54023,"1"
54025,"1"
54027,"1"
54029,"1"
54031,"1"
54033,"1"
54035,"1"
54037,"1"
54039,"1"
54041,"1"
54043,"1"
54045,"1"
54047,"1"
54049,"1"
54051,"1"
54053,"1"
54055,"1"
54057,"1"
54059,"1"
54061,"1"
54063,"1"
54065,"1"
54067,"1"
54069,"1"
54071,"1"
54073,"1"
54075,"1"
54077,"1"
54079,"1"
54081,"1"
54083,"1"
54085,"1"
54087,"1"
54089,"1"
54091,"1"
54093,"1"
54095,"1"
54097,"1"
54099,"1"
54101,"1"
54103,"1"
54105,"1"
54107,"1"
54109,"1"
55001,"1"
55003,"1"
55005,"0"
55007,"1"
55009,"0"
55011,"1"
55013,"1"
55015,"0"
55017,"0"
55019,"0"
55021,"0"
55023,"0"
55025,"0"
55027,"0"
55029,"0"
55031,"1"
55033,"0"
55035,"0"
55037,"1"
55039,"0"
55041,"1"
55043,"0"
55045,"0"
55047,"0"
55049,"0"
55051,"1"
55053,"1"
55055,"0"
55057,"1"
55059,"0"
55061,"0"
55063,"0"
55065,"0"
55067,"1"
55069,"1"
55071,"0"
55073,"0"
55075,"1"
55077,"1"
55078,"0"
55079,"0"
55081,"0"
55083,"0"
55085,"0"
55087,"0"
55089,"0"
55091,"0"
55093,"0"
55095,"0"
55097,"0"
55099,"1"
55101,"0"
55103,"0"
55105,"0"
55107,"1"
55109,"0"
55111,"0"
55113,"1"
55115,"0"
55117,"0"
55119,"0"
55121,"1"
55123,"0"
55125,"1"
55127,"0"
55129,"1"
55131,"0"
55133,"0"
55135,"0"
55137,"0"
55139,"0"
55141,"0"
25001,"1"
25003,"0"
25005,"1"
25007,"1"
25009,"1"
25011,"0"
25013,"1"
25015,"0"
25017,"0"
25019,"1"
25021,"0"
25023,"1"
25025,"0"
25027,"1"
9001,"1"
9003,"1"
9005,"1"
9007,"1"
9009,"1"
9011,"1"
9013,"1"
9015,"1"
44001,"1"
44003,"1"
44005,"1"
44007,"1"
44009,"1"
50001,"0"
50003,"0"
50005,"0"
50007,"0"
50009,"0"
50011,"0"
50013,"0"
50015,"0"
50017,"0"
50019,"0"
50021,"0"
50023,"0"
50025,"0"
50027,"0"
